{
  "IonicComponents": {
    "BasicComponents": [
      {
        "accessibility": {
          "aria-disabled": {
            "acceptedValues": [
              "true",
              "false"
            ],
            "description": "Indicates if the button is disabled for accessibility purposes.",
            "required": false
          },
          "aria-label": {
            "acceptedValues": "string",
            "description": "Defines a string value that labels the button for accessibility purposes.",
            "required": true
          }
        },
        "behavior": {
          "defaultProps": {
            "disabled": false
          },
          "events": [
            "onClick",
            "onFocus"
          ],
          "stateful": false
        },
        "customization": {
          "customizableProps": [
            "color",
            "size"
          ],
          "slots": [
            "icon-only",
            "start",
            "end"
          ]
        },
        "dependencies": [
          "IonIcon"
        ],
        "description": "Button that can be styled in various ways",
        "documentation": {
          "docsUrl": "https://ionicframework.com/docs/api/button",
          "examples": [
            "<IonButton>Click me</IonButton>"
          ]
        },
        "i18n": {
          "defaultLocale": "en",
          "translatableProps": [
            "aria-label"
          ]
        },
        "interface": "IonButtonProps",
        "name": "IonButton",
        "performance": {
          "lazyLoad": false,
          "shouldMemoize": true
        },
        "styling": {
          "cssClasses": [
            "ion-button"
          ],
          "defaultStyles": {
            "backgroundColor": "primary",
            "borderRadius": "4px"
          }
        },
        "testing": {
          "testCases": [
            "should render correctly",
            "should trigger onClick event"
          ],
          "testId": "ion-button-test"
        },
        "typeSafety": {
          "propTypes": {
            "aria-label": "string"
          }
        },
        "validation": {
          "requiredProps": [
            "aria-label"
          ],
          "validationRules": {
            "aria-label": "must be a non-empty string"
          }
        }
      },
      {
        "accessibility": {
          "aria-label": {
            "acceptedValues": "string",
            "description": "Defines a string value that labels the card for accessibility purposes.",
            "required": false
          }
        },
        "behavior": {
          "defaultProps": {},
          "events": [],
          "stateful": false
        },
        "customization": {
          "customizableProps": [
            "color"
          ],
          "slots": [
            "header",
            "footer"
          ]
        },
        "dependencies": [],
        "description": "Card that can contain various content",
        "documentation": {
          "docsUrl": "https://ionicframework.com/docs/api/card",
          "examples": [
            "<IonCard><IonCardContent>Content</IonCardContent></IonCard>"
          ]
        },
        "i18n": {
          "defaultLocale": "en",
          "translatableProps": []
        },
        "interface": "IonCardProps",
        "name": "IonCard",
        "performance": {
          "lazyLoad": false,
          "shouldMemoize": true
        },
        "styling": {
          "cssClasses": [
            "ion-card"
          ],
          "defaultStyles": {
            "borderRadius": "8px",
            "boxShadow": "0 2px 10px rgba(0,0,0,0.2)"
          }
        },
        "testing": {
          "testCases": [
            "should render correctly"
          ],
          "testId": "ion-card-test"
        },
        "typeSafety": {
          "propTypes": {}
        },
        "validation": {
          "requiredProps": [],
          "validationRules": {}
        }
      },
      {
        "accessibility": {
          "aria-checked": {
            "acceptedValues": [
              "true",
              "false",
              "mixed"
            ],
            "description": "Indicates the current checked state of the checkbox.",
            "required": false
          },
          "aria-label": {
            "acceptedValues": "string",
            "description": "Defines a string value that labels the checkbox for accessibility purposes.",
            "required": true
          }
        },
        "behavior": {
          "defaultProps": {
            "checked": false
          },
          "events": [
            "onChange"
          ],
          "stateful": true
        },
        "customization": {
          "customizableProps": [
            "color",
            "checked"
          ],
          "slots": []
        },
        "dependencies": [],
        "description": "Checkbox",
        "documentation": {
          "docsUrl": "https://ionicframework.com/docs/api/checkbox",
          "examples": [
            "<IonCheckbox aria-label='Check me' />"
          ]
        },
        "i18n": {
          "defaultLocale": "en",
          "translatableProps": [
            "aria-label"
          ]
        },
        "interface": "IonCheckboxProps",
        "name": "IonCheckbox",
        "performance": {
          "lazyLoad": false,
          "shouldMemoize": true
        },
        "styling": {
          "cssClasses": [
            "ion-checkbox"
          ],
          "defaultStyles": {}
        },
        "testing": {
          "testCases": [
            "should toggle onClick"
          ],
          "testId": "ion-checkbox-test"
        },
        "typeSafety": {
          "propTypes": {
            "aria-label": "string",
            "checked": "boolean"
          }
        },
        "validation": {
          "requiredProps": [
            "aria-label"
          ],
          "validationRules": {
            "aria-label": "must be a non-empty string"
          }
        }
      },
      {
        "accessibility": {
          "aria-label": {
            "acceptedValues": "string",
            "description": "Defines a string value that labels the content container for accessibility purposes.",
            "required": false
          }
        },
        "behavior": {
          "defaultProps": {},
          "events": [],
          "stateful": false
        },
        "customization": {
          "customizableProps": [
            "padding"
          ],
          "slots": []
        },
        "dependencies": [],
        "description": "Main content container of the application",
        "documentation": {
          "docsUrl": "https://ionicframework.com/docs/api/content",
          "examples": [
            "<IonContent>Content goes here</IonContent>"
          ]
        },
        "i18n": {
          "defaultLocale": "en",
          "translatableProps": []
        },
        "interface": "IonContentProps",
        "name": "IonContent",
        "performance": {
          "lazyLoad": false,
          "shouldMemoize": true
        },
        "styling": {
          "cssClasses": [
            "ion-content"
          ],
          "defaultStyles": {
            "padding": "16px"
          }
        },
        "testing": {
          "testCases": [
            "should render content correctly"
          ],
          "testId": "ion-content-test"
        },
        "typeSafety": {
          "propTypes": {}
        },
        "validation": {
          "requiredProps": [],
          "validationRules": {}
        }
      },
      {
        "accessibility": {
          "aria-label": {
            "acceptedValues": "string",
            "description": "Defines a string value that labels the datetime picker for accessibility purposes.",
            "required": true
          }
        },
        "behavior": {
          "defaultProps": {
            "value": ""
          },
          "events": [
            "onChange"
          ],
          "stateful": true
        },
        "customization": {
          "customizableProps": [
            "value",
            "min",
            "max"
          ],
          "slots": []
        },
        "dependencies": [],
        "description": "Date and time picker",
        "documentation": {
          "docsUrl": "https://ionicframework.com/docs/api/datetime",
          "examples": [
            "<IonDatetime aria-label='Select date and time' />"
          ]
        },
        "i18n": {
          "defaultLocale": "en",
          "translatableProps": [
            "aria-label"
          ]
        },
        "interface": "IonDatetimeProps",
        "name": "IonDatetime",
        "performance": {
          "lazyLoad": false,
          "shouldMemoize": true
        },
        "styling": {
          "cssClasses": [
            "ion-datetime"
          ],
          "defaultStyles": {}
        },
        "testing": {
          "testCases": [
            "should open calendar",
            "should select date"
          ],
          "testId": "ion-datetime-test"
        },
        "typeSafety": {
          "propTypes": {
            "aria-label": "string",
            "value": "string"
          }
        },
        "validation": {
          "requiredProps": [
            "aria-label"
          ],
          "validationRules": {
            "aria-label": "must be a non-empty string"
          }
        }
      },
      {
        "accessibility": {
          "aria-label": {
            "acceptedValues": "string",
            "description": "Defines a string value that labels the floating action button for accessibility purposes.",
            "required": true
          }
        },
        "behavior": {
          "defaultProps": {},
          "events": [
            "onClick"
          ],
          "stateful": false
        },
        "customization": {
          "customizableProps": [
            "color",
            "position"
          ],
          "slots": [
            "icon"
          ]
        },
        "dependencies": [],
        "description": "Floating action button",
        "documentation": {
          "docsUrl": "https://ionicframework.com/docs/api/fab",
          "examples": [
            "<IonFab><IonFabButton>+</IonFabButton></IonFab>"
          ]
        },
        "i18n": {
          "defaultLocale": "en",
          "translatableProps": [
            "aria-label"
          ]
        },
        "interface": "IonFabProps",
        "name": "IonFab",
        "performance": {
          "lazyLoad": false,
          "shouldMemoize": true
        },
        "styling": {
          "cssClasses": [
            "ion-fab"
          ],
          "defaultStyles": {
            "bottom": "16px",
            "position": "fixed",
            "right": "16px"
          }
        },
        "testing": {
          "testCases": [
            "should render floating button",
            "should trigger onClick event"
          ],
          "testId": "ion-fab-test"
        },
        "typeSafety": {
          "propTypes": {
            "aria-label": "string"
          }
        },
        "validation": {
          "requiredProps": [
            "aria-label"
          ],
          "validationRules": {
            "aria-label": "must be a non-empty string"
          }
        }
      },
      {
        "accessibility": {
          "aria-label": {
            "acceptedValues": "string",
            "description": "Defines a string value that labels the icon for accessibility purposes.",
            "required": false
          }
        },
        "behavior": {
          "defaultProps": {
            "color": "black"
          },
          "events": [],
          "stateful": false
        },
        "customization": {
          "customizableProps": [
            "name",
            "color"
          ],
          "slots": []
        },
        "dependencies": [],
        "description": "Customizable icons",
        "documentation": {
          "docsUrl": "https://ionicframework.com/docs/api/icon",
          "examples": [
            "<IonIcon name='star' />"
          ]
        },
        "i18n": {
          "defaultLocale": "en",
          "translatableProps": []
        },
        "interface": "IonIconProps",
        "name": "IonIcon",
        "performance": {
          "lazyLoad": false,
          "shouldMemoize": true
        },
        "styling": {
          "cssClasses": [
            "ion-icon"
          ],
          "defaultStyles": {
            "color": "currentColor",
            "fontSize": "24px"
          }
        },
        "testing": {
          "testCases": [
            "should render correctly"
          ],
          "testId": "ion-icon-test"
        },
        "typeSafety": {
          "propTypes": {
            "color": "string",
            "name": "string"
          }
        },
        "validation": {
          "requiredProps": [],
          "validationRules": {}
        }
      },
      {
        "accessibility": {
          "alt": {
            "acceptedValues": "string",
            "description": "Alternative text for the image, providing context when the image cannot be displayed.",
            "required": true
          },
          "aria-label": {
            "acceptedValues": "string",
            "description": "Defines a string value that labels the image for accessibility purposes.",
            "required": false
          }
        },
        "behavior": {
          "defaultProps": {},
          "events": [],
          "stateful": false
        },
        "customization": {
          "customizableProps": [
            "src",
            "alt"
          ],
          "slots": []
        },
        "dependencies": [],
        "description": "Image optimized for performance",
        "documentation": {
          "docsUrl": "https://ionicframework.com/docs/api/img",
          "examples": [
            "<IonImg src='image.jpg' alt='An image' />"
          ]
        },
        "i18n": {
          "defaultLocale": "en",
          "translatableProps": [
            "alt"
          ]
        },
        "interface": "IonImgProps",
        "name": "IonImg",
        "performance": {
          "lazyLoad": false,
          "shouldMemoize": true
        },
        "styling": {
          "cssClasses": [
            "ion-img"
          ],
          "defaultStyles": {
            "height": "auto",
            "maxWidth": "100%"
          }
        },
        "testing": {
          "testCases": [
            "should render image",
            "should handle lazy loading"
          ],
          "testId": "ion-img-test"
        },
        "typeSafety": {
          "propTypes": {
            "alt": "string"
          }
        },
        "validation": {
          "requiredProps": [
            "alt"
          ],
          "validationRules": {
            "alt": "must be a non-empty string"
          }
        }
      },
      {
        "accessibility": {
          "aria-label": {
            "acceptedValues": "string",
            "description": "Defines a string value that labels the input field for accessibility purposes.",
            "required": true
          },
          "aria-required": {
            "acceptedValues": [
              "true",
              "false"
            ],
            "description": "Indicates whether the input field is required.",
            "required": false
          }
        },
        "behavior": {
          "defaultProps": {
            "value": ""
          },
          "events": [
            "onChange",
            "onFocus"
          ],
          "stateful": true
        },
        "customization": {
          "customizableProps": [
            "value",
            "type"
          ],
          "slots": []
        },
        "dependencies": [],
        "description": "Text input field",
        "documentation": {
          "docsUrl": "https://ionicframework.com/docs/api/input",
          "examples": [
            "<IonInput aria-label='Enter text' />"
          ]
        },
        "i18n": {
          "defaultLocale": "en",
          "translatableProps": [
            "aria-label"
          ]
        },
        "interface": "IonInputProps",
        "name": "IonInput",
        "performance": {
          "lazyLoad": false,
          "shouldMemoize": true
        },
        "styling": {
          "cssClasses": [
            "ion-input"
          ],
          "defaultStyles": {
            "border": "1px solid #ccc",
            "borderRadius": "4px",
            "padding": "8px"
          }
        },
        "testing": {
          "testCases": [
            "should handle text input",
            "should trigger onChange event"
          ],
          "testId": "ion-input-test"
        },
        "typeSafety": {
          "propTypes": {
            "aria-label": "string",
            "value": "string"
          }
        },
        "validation": {
          "requiredProps": [
            "aria-label"
          ],
          "validationRules": {
            "aria-label": "must be a non-empty string"
          }
        }
      },
      {
        "accessibility": {
          "aria-label": {
            "acceptedValues": "string",
            "description": "Defines a string value that labels the item for accessibility purposes.",
            "required": false
          }
        },
        "behavior": {
          "defaultProps": {},
          "events": [
            "onClick"
          ],
          "stateful": false
        },
        "customization": {
          "customizableProps": [
            "padding"
          ],
          "slots": []
        },
        "dependencies": [],
        "description": "List item container",
        "documentation": {
          "docsUrl": "https://ionicframework.com/docs/api/item",
          "examples": [
            "<IonItem>Item content</IonItem>"
          ]
        },
        "i18n": {
          "defaultLocale": "en",
          "translatableProps": []
        },
        "interface": "IonItemProps",
        "name": "IonItem",
        "performance": {
          "lazyLoad": false,
          "shouldMemoize": true
        },
        "styling": {
          "cssClasses": [
            "ion-item"
          ],
          "defaultStyles": {
            "borderBottom": "1px solid #ddd",
            "padding": "16px"
          }
        },
        "testing": {
          "testCases": [
            "should render item correctly"
          ],
          "testId": "ion-item-test"
        },
        "typeSafety": {
          "propTypes": {}
        },
        "validation": {
          "requiredProps": [],
          "validationRules": {}
        }
      },
      {
        "accessibility": {
          "aria-label": {
            "acceptedValues": "string",
            "description": "Defines a string value that labels the text for accessibility purposes.",
            "required": false
          }
        },
        "behavior": {
          "defaultProps": {},
          "events": [],
          "stateful": false
        },
        "customization": {
          "customizableProps": [
            "text",
            "color"
          ],
          "slots": []
        },
        "dependencies": [],
        "description": "Text label",
        "documentation": {
          "docsUrl": "https://ionicframework.com/docs/api/label",
          "examples": [
            "<IonLabel>Label text</IonLabel>"
          ]
        },
        "i18n": {
          "defaultLocale": "en",
          "translatableProps": [
            "text"
          ]
        },
        "interface": "IonLabelProps",
        "name": "IonLabel",
        "performance": {
          "lazyLoad": false,
          "shouldMemoize": true
        },
        "styling": {
          "cssClasses": [
            "ion-label"
          ],
          "defaultStyles": {
            "color": "#000",
            "fontSize": "14px"
          }
        },
        "testing": {
          "testCases": [
            "should render label text"
          ],
          "testId": "ion-label-test"
        },
        "typeSafety": {
          "propTypes": {
            "text": "string"
          }
        },
        "validation": {
          "requiredProps": [],
          "validationRules": {}
        }
      },
      {
        "accessibility": {
          "aria-label": {
            "acceptedValues": "string",
            "description": "Defines a string value that labels the list for accessibility purposes.",
            "required": false
          }
        },
        "behavior": {
          "defaultProps": {},
          "events": [],
          "stateful": false
        },
        "customization": {
          "customizableProps": [
            "padding"
          ],
          "slots": []
        },
        "dependencies": [
          "IonItem"
        ],
        "description": "List container",
        "documentation": {
          "docsUrl": "https://ionicframework.com/docs/api/list",
          "examples": [
            "<IonList><IonItem>Item 1</IonItem><IonItem>Item 2</IonItem></IonList>"
          ]
        },
        "i18n": {
          "defaultLocale": "en",
          "translatableProps": []
        },
        "interface": "IonListProps",
        "name": "IonList",
        "performance": {
          "lazyLoad": false,
          "shouldMemoize": true
        },
        "styling": {
          "cssClasses": [
            "ion-list"
          ],
          "defaultStyles": {
            "padding": "16px"
          }
        },
        "testing": {
          "testCases": [
            "should render list items"
          ],
          "testId": "ion-list-test"
        },
        "typeSafety": {
          "propTypes": {}
        },
        "validation": {
          "requiredProps": [],
          "validationRules": {}
        }
      },
      {
        "accessibility": {
          "aria-label": {
            "acceptedValues": "string",
            "description": "Defines a string value that labels the loading spinner for accessibility purposes.",
            "required": false
          }
        },
        "behavior": {
          "defaultProps": {
            "isOpen": false
          },
          "events": [],
          "stateful": true
        },
        "customization": {
          "customizableProps": [
            "message"
          ],
          "slots": []
        },
        "dependencies": [],
        "description": "Loading spinner with optional message",
        "documentation": {
          "docsUrl": "https://ionicframework.com/docs/api/loading",
          "examples": [
            "<IonLoading isOpen={true} message='Loading...' />"
          ]
        },
        "i18n": {
          "defaultLocale": "en",
          "translatableProps": [
            "message"
          ]
        },
        "interface": "IonLoadingProps",
        "name": "IonLoading",
        "performance": {
          "lazyLoad": false,
          "shouldMemoize": true
        },
        "styling": {
          "cssClasses": [
            "ion-loading"
          ],
          "defaultStyles": {
            "backgroundColor": "#fff",
            "color": "#000"
          }
        },
        "testing": {
          "testCases": [
            "should display loading spinner",
            "should show message if provided"
          ],
          "testId": "ion-loading-test"
        },
        "typeSafety": {
          "propTypes": {
            "isOpen": "boolean",
            "message": "string"
          }
        },
        "validation": {
          "requiredProps": [],
          "validationRules": {}
        }
      },
      {
        "accessibility": {
          "aria-label": {
            "acceptedValues": "string",
            "description": "Defines a string value that labels the menu for accessibility purposes.",
            "required": false
          }
        },
        "behavior": {
          "defaultProps": {},
          "events": [
            "onOpen",
            "onClose"
          ],
          "stateful": false
        },
        "customization": {
          "customizableProps": [
            "width"
          ],
          "slots": []
        },
        "dependencies": [
          "IonContent"
        ],
        "description": "Sidebar menu",
        "documentation": {
          "docsUrl": "https://ionicframework.com/docs/api/menu",
          "examples": [
            "<IonMenu><IonContent>Menu content</IonContent></IonMenu>"
          ]
        },
        "i18n": {
          "defaultLocale": "en",
          "translatableProps": []
        },
        "interface": "IonMenuProps",
        "name": "IonMenu",
        "performance": {
          "lazyLoad": false,
          "shouldMemoize": true
        },
        "styling": {
          "cssClasses": [
            "ion-menu"
          ],
          "defaultStyles": {
            "backgroundColor": "#fff",
            "width": "250px"
          }
        },
        "testing": {
          "testCases": [
            "should open and close menu"
          ],
          "testId": "ion-menu-test"
        },
        "typeSafety": {
          "propTypes": {}
        },
        "validation": {
          "requiredProps": [],
          "validationRules": {}
        }
      },
      {
        "accessibility": {
          "aria-label": {
            "acceptedValues": "string",
            "description": "Defines a string value that labels the modal for accessibility purposes.",
            "required": false
          }
        },
        "behavior": {
          "defaultProps": {
            "isOpen": false
          },
          "events": [
            "onDidDismiss"
          ],
          "stateful": true
        },
        "customization": {
          "customizableProps": [
            "width",
            "isOpen"
          ],
          "slots": []
        },
        "dependencies": [],
        "description": "Modal dialog",
        "documentation": {
          "docsUrl": "https://ionicframework.com/docs/api/modal",
          "examples": [
            "<IonModal isOpen={true}>Modal content</IonModal>"
          ]
        },
        "i18n": {
          "defaultLocale": "en",
          "translatableProps": [
            "aria-label"
          ]
        },
        "interface": "IonModalProps",
        "name": "IonModal",
        "performance": {
          "lazyLoad": false,
          "shouldMemoize": true
        },
        "styling": {
          "cssClasses": [
            "ion-modal"
          ],
          "defaultStyles": {
            "margin": "auto",
            "maxWidth": "90%"
          }
        },
        "testing": {
          "testCases": [
            "should open and close modal",
            "should trigger onDidDismiss event"
          ],
          "testId": "ion-modal-test"
        },
        "typeSafety": {
          "propTypes": {
            "aria-label": "string",
            "isOpen": "boolean"
          }
        },
        "validation": {
          "requiredProps": [],
          "validationRules": {}
        }
      },
      {
        "accessibility": {
          "aria-label": {
            "acceptedValues": "string",
            "description": "Defines a string value that labels the progress bar for accessibility purposes.",
            "required": false
          },
          "aria-valuemax": {
            "acceptedValues": "number",
            "description": "Defines the maximum value of the progress bar.",
            "required": false
          },
          "aria-valuemin": {
            "acceptedValues": "number",
            "description": "Defines the minimum value of the progress bar.",
            "required": false
          },
          "aria-valuenow": {
            "acceptedValues": "number",
            "description": "Defines the current value of the progress bar.",
            "required": true
          }
        },
        "behavior": {
          "defaultProps": {
            "value": 0
          },
          "events": [],
          "stateful": false
        },
        "customization": {
          "customizableProps": [
            "value",
            "color"
          ],
          "slots": []
        },
        "dependencies": [],
        "description": "Progress indicator",
        "documentation": {
          "docsUrl": "https://ionicframework.com/docs/api/progress-bar",
          "examples": [
            "<IonProgressBar value={50} />"
          ]
        },
        "i18n": {
          "defaultLocale": "en",
          "translatableProps": [
            "aria-label"
          ]
        },
        "interface": "IonProgressBarProps",
        "name": "IonProgressBar",
        "performance": {
          "lazyLoad": false,
          "shouldMemoize": true
        },
        "styling": {
          "cssClasses": [
            "ion-progress-bar"
          ],
          "defaultStyles": {
            "backgroundColor": "#e0e0e0",
            "height": "4px"
          }
        },
        "testing": {
          "testCases": [
            "should render progress bar",
            "should reflect value correctly"
          ],
          "testId": "ion-progress-bar-test"
        },
        "typeSafety": {
          "propTypes": {
            "aria-label": "string",
            "value": "number"
          }
        },
        "validation": {
          "requiredProps": [
            "aria-valuenow"
          ],
          "validationRules": {
            "aria-valuenow": "must be a number between 0 and 100"
          }
        }
      },
      {
        "accessibility": {
          "aria-checked": {
            "acceptedValues": [
              "true",
              "false"
            ],
            "description": "Indicates if the radio button is checked.",
            "required": false
          },
          "aria-label": {
            "acceptedValues": "string",
            "description": "Defines a string value that labels the radio button for accessibility purposes.",
            "required": true
          }
        },
        "behavior": {
          "defaultProps": {
            "checked": false
          },
          "events": [
            "onChange"
          ],
          "stateful": true
        },
        "customization": {
          "customizableProps": [
            "checked"
          ],
          "slots": []
        },
        "dependencies": [],
        "description": "Radio button",
        "documentation": {
          "docsUrl": "https://ionicframework.com/docs/api/radio",
          "examples": [
            "<IonRadio aria-label='Option 1' />"
          ]
        },
        "i18n": {
          "defaultLocale": "en",
          "translatableProps": [
            "aria-label"
          ]
        },
        "interface": "IonRadioProps",
        "name": "IonRadio",
        "performance": {
          "lazyLoad": false,
          "shouldMemoize": true
        },
        "styling": {
          "cssClasses": [
            "ion-radio"
          ],
          "defaultStyles": {}
        },
        "testing": {
          "testCases": [
            "should render radio button",
            "should trigger onChange event"
          ],
          "testId": "ion-radio-test"
        },
        "typeSafety": {
          "propTypes": {
            "aria-label": "string",
            "checked": "boolean"
          }
        },
        "validation": {
          "requiredProps": [
            "aria-label"
          ],
          "validationRules": {
            "aria-label": "must be a non-empty string"
          }
        }
      },
      {
        "accessibility": {
          "aria-label": {
            "acceptedValues": "string",
            "description": "Defines a string value that labels the range slider for accessibility purposes.",
            "required": true
          },
          "aria-valuemax": {
            "acceptedValues": "number",
            "description": "Defines the maximum value of the range slider.",
            "required": true
          },
          "aria-valuemin": {
            "acceptedValues": "number",
            "description": "Defines the minimum value of the range slider.",
            "required": true
          },
          "aria-valuenow": {
            "acceptedValues": "number",
            "description": "Defines the current value of the range slider.",
            "required": true
          }
        },
        "behavior": {
          "defaultProps": {
            "value": 0
          },
          "events": [
            "onChange"
          ],
          "stateful": true
        },
        "customization": {
          "customizableProps": [
            "value",
            "min",
            "max",
            "step"
          ],
          "slots": []
        },
        "dependencies": [],
        "description": "Range slider",
        "documentation": {
          "docsUrl": "https://ionicframework.com/docs/api/range",
          "examples": [
            "<IonRange aria-label='Volume' min={0} max={100} step={1} value={50} />"
          ]
        },
        "i18n": {
          "defaultLocale": "en",
          "translatableProps": [
            "aria-label"
          ]
        },
        "interface": "IonRangeProps",
        "name": "IonRange",
        "performance": {
          "lazyLoad": false,
          "shouldMemoize": true
        },
        "styling": {
          "cssClasses": [
            "ion-range"
          ],
          "defaultStyles": {}
        },
        "testing": {
          "testCases": [
            "should render range slider",
            "should handle value changes"
          ],
          "testId": "ion-range-test"
        },
        "typeSafety": {
          "propTypes": {
            "aria-label": "string",
            "max": "number",
            "min": "number",
            "step": "number",
            "value": "number"
          }
        },
        "validation": {
          "requiredProps": [
            "aria-label",
            "aria-valuenow",
            "aria-valuemin",
            "aria-valuemax"
          ],
          "validationRules": {
            "aria-valuenow": "must be a number between aria-valuemin and aria-valuemax"
          }
        }
      },
      {
        "accessibility": {
          "aria-label": {
            "acceptedValues": "string",
            "description": "Defines a string value that labels the refresher for accessibility purposes.",
            "required": false
          }
        },
        "behavior": {
          "defaultProps": {},
          "events": [
            "onRefresh"
          ],
          "stateful": false
        },
        "customization": {
          "customizableProps": [],
          "slots": []
        },
        "dependencies": [],
        "description": "Pull-to-refresh component",
        "documentation": {
          "docsUrl": "https://ionicframework.com/docs/api/refresher",
          "examples": [
            "<IonRefresher onRefresh={() => { /* Refresh logic */ }} />"
          ]
        },
        "i18n": {
          "defaultLocale": "en",
          "translatableProps": []
        },
        "interface": "IonRefresherProps",
        "name": "IonRefresher",
        "performance": {
          "lazyLoad": false,
          "shouldMemoize": true
        },
        "styling": {
          "cssClasses": [
            "ion-refresher"
          ],
          "defaultStyles": {}
        },
        "testing": {
          "testCases": [
            "should trigger onRefresh event"
          ],
          "testId": "ion-refresher-test"
        },
        "typeSafety": {
          "propTypes": {}
        },
        "validation": {
          "requiredProps": [],
          "validationRules": {}
        }
      },
      {
        "accessibility": {
          "aria-label": {
            "acceptedValues": "string",
            "description": "Defines a string value that labels the search input for accessibility purposes.",
            "required": true
          }
        },
        "behavior": {
          "defaultProps": {
            "value": ""
          },
          "events": [
            "onInput",
            "onSearch"
          ],
          "stateful": true
        },
        "customization": {
          "customizableProps": [
            "value"
          ],
          "slots": []
        },
        "dependencies": [],
        "description": "Search input field",
        "documentation": {
          "docsUrl": "https://ionicframework.com/docs/api/searchbar",
          "examples": [
            "<IonSearchbar aria-label='Search' />"
          ]
        },
        "i18n": {
          "defaultLocale": "en",
          "translatableProps": [
            "aria-label"
          ]
        },
        "interface": "IonSearchbarProps",
        "name": "IonSearchbar",
        "performance": {
          "lazyLoad": false,
          "shouldMemoize": true
        },
        "styling": {
          "cssClasses": [
            "ion-searchbar"
          ],
          "defaultStyles": {
            "border": "1px solid #ccc",
            "borderRadius": "4px",
            "padding": "8px"
          }
        },
        "testing": {
          "testCases": [
            "should handle search input",
            "should trigger onSearch event"
          ],
          "testId": "ion-searchbar-test"
        },
        "typeSafety": {
          "propTypes": {
            "aria-label": "string",
            "value": "string"
          }
        },
        "validation": {
          "requiredProps": [
            "aria-label"
          ],
          "validationRules": {
            "aria-label": "must be a non-empty string"
          }
        }
      },
      {
        "accessibility": {
          "aria-label": {
            "acceptedValues": "string",
            "description": "Defines a string value that labels the segment control for accessibility purposes.",
            "required": false
          }
        },
        "behavior": {
          "defaultProps": {},
          "events": [
            "onIonChange"
          ],
          "stateful": false
        },
        "customization": {
          "customizableProps": [
            "selectedSegment"
          ],
          "slots": []
        },
        "dependencies": [
          "IonSegmentButton"
        ],
        "description": "Segmented control",
        "documentation": {
          "docsUrl": "https://ionicframework.com/docs/api/segment",
          "examples": [
            "<IonSegment><IonSegmentButton>Option 1</IonSegmentButton><IonSegmentButton>Option 2</IonSegmentButton></IonSegment>"
          ]
        },
        "i18n": {
          "defaultLocale": "en",
          "translatableProps": []
        },
        "interface": "IonSegmentProps",
        "name": "IonSegment",
        "performance": {
          "lazyLoad": false,
          "shouldMemoize": true
        },
        "styling": {
          "cssClasses": [
            "ion-segment"
          ],
          "defaultStyles": {}
        },
        "testing": {
          "testCases": [
            "should trigger onIonChange event"
          ],
          "testId": "ion-segment-test"
        },
        "typeSafety": {
          "propTypes": {}
        },
        "validation": {
          "requiredProps": [],
          "validationRules": {}
        }
      },
      {
        "accessibility": {
          "aria-label": {
            "acceptedValues": "string",
            "description": "Defines a string value that labels the select dropdown for accessibility purposes.",
            "required": true
          }
        },
        "behavior": {
          "defaultProps": {},
          "events": [
            "onIonChange"
          ],
          "stateful": false
        },
        "customization": {
          "customizableProps": [
            "selectedOption"
          ],
          "slots": []
        },
        "dependencies": [],
        "description": "Dropdown selector",
        "documentation": {
          "docsUrl": "https://ionicframework.com/docs/api/select",
          "examples": [
            "<IonSelect aria-label='Choose an option' />"
          ]
        },
        "i18n": {
          "defaultLocale": "en",
          "translatableProps": [
            "aria-label"
          ]
        },
        "interface": "IonSelectProps",
        "name": "IonSelect",
        "performance": {
          "lazyLoad": false,
          "shouldMemoize": true
        },
        "styling": {
          "cssClasses": [
            "ion-select"
          ],
          "defaultStyles": {}
        },
        "testing": {
          "testCases": [
            "should trigger onIonChange event"
          ],
          "testId": "ion-select-test"
        },
        "typeSafety": {
          "propTypes": {
            "aria-label": "string"
          }
        },
        "validation": {
          "requiredProps": [
            "aria-label"
          ],
          "validationRules": {
            "aria-label": "must be a non-empty string"
          }
        }
      },
      {
        "accessibility": {
          "aria-label": {
            "acceptedValues": "string",
            "description": "Defines a string value that labels the skeleton text for accessibility purposes.",
            "required": false
          }
        },
        "behavior": {
          "defaultProps": {},
          "events": [],
          "stateful": false
        },
        "customization": {
          "customizableProps": [],
          "slots": []
        },
        "dependencies": [],
        "description": "Skeleton loading placeholder",
        "documentation": {
          "docsUrl": "https://ionicframework.com/docs/api/skeleton-text",
          "examples": [
            "<IonSkeletonText />"
          ]
        },
        "i18n": {
          "defaultLocale": "en",
          "translatableProps": []
        },
        "interface": "IonSkeletonTextProps",
        "name": "IonSkeletonText",
        "performance": {
          "lazyLoad": false,
          "shouldMemoize": true
        },
        "styling": {
          "cssClasses": [
            "ion-skeleton-text"
          ],
          "defaultStyles": {}
        },
        "testing": {
          "testCases": [
            "should display skeleton text"
          ],
          "testId": "ion-skeleton-text-test"
        },
        "typeSafety": {
          "propTypes": {}
        },
        "validation": {
          "requiredProps": [],
          "validationRules": {}
        }
      },
      {
        "accessibility": {
          "aria-label": {
            "acceptedValues": "string",
            "description": "Defines a string value that labels the toast for accessibility purposes.",
            "required": false
          }
        },
        "behavior": {
          "defaultProps": {
            "isOpen": false
          },
          "events": [
            "onDidDismiss"
          ],
          "stateful": true
        },
        "customization": {
          "customizableProps": [
            "message"
          ],
          "slots": []
        },
        "dependencies": [],
        "description": "Toast notification",
        "documentation": {
          "docsUrl": "https://ionicframework.com/docs/api/toast",
          "examples": [
            "<IonToast isOpen={true} message='Toast message' />"
          ]
        },
        "i18n": {
          "defaultLocale": "en",
          "translatableProps": [
            "message"
          ]
        },
        "interface": "IonToastProps",
        "name": "IonToast",
        "performance": {
          "lazyLoad": false,
          "shouldMemoize": true
        },
        "styling": {
          "cssClasses": [
            "ion-toast"
          ],
          "defaultStyles": {
            "backgroundColor": "#333",
            "borderRadius": "4px",
            "color": "#fff",
            "padding": "16px"
          }
        },
        "testing": {
          "testCases": [
            "should display toast",
            "should trigger onDidDismiss event"
          ],
          "testId": "ion-toast-test"
        },
        "typeSafety": {
          "propTypes": {
            "isOpen": "boolean",
            "message": "string"
          }
        },
        "validation": {
          "requiredProps": [],
          "validationRules": {}
        }
      },
      {
        "accessibility": {
          "aria-checked": {
            "acceptedValues": [
              "true",
              "false"
            ],
            "description": "Indicates if the toggle switch is checked.",
            "required": false
          },
          "aria-label": {
            "acceptedValues": "string",
            "description": "Defines a string value that labels the toggle switch for accessibility purposes.",
            "required": true
          }
        },
        "behavior": {
          "defaultProps": {
            "checked": false
          },
          "events": [
            "onIonChange"
          ],
          "stateful": true
        },
        "customization": {
          "customizableProps": [
            "checked"
          ],
          "slots": []
        },
        "dependencies": [],
        "description": "Toggle switch",
        "documentation": {
          "docsUrl": "https://ionicframework.com/docs/api/toggle",
          "examples": [
            "<IonToggle aria-label='Enable feature' />"
          ]
        },
        "i18n": {
          "defaultLocale": "en",
          "translatableProps": [
            "aria-label"
          ]
        },
        "interface": "IonToggleProps",
        "name": "IonToggle",
        "performance": {
          "lazyLoad": false,
          "shouldMemoize": true
        },
        "styling": {
          "cssClasses": [
            "ion-toggle"
          ],
          "defaultStyles": {}
        },
        "testing": {
          "testCases": [
            "should render toggle switch",
            "should trigger onIonChange event"
          ],
          "testId": "ion-toggle-test"
        },
        "typeSafety": {
          "propTypes": {
            "aria-label": "string",
            "checked": "boolean"
          }
        },
        "validation": {
          "requiredProps": [
            "aria-label"
          ],
          "validationRules": {
            "aria-label": "must be a non-empty string"
          }
        }
      },
      {
        "name": "IonActionSheet",
        "description": "Action sheet for presenting a set of options to the user.",
        "interface": "IonActionSheetProps",
        "accessibility": {
          "aria-label": {
            "description": "Defines a string value that labels the action sheet for accessibility purposes.",
            "required": true,
            "acceptedValues": "string"
          }
        },
        "styling": {
          "defaultStyles": {},
          "cssClasses": ["ion-action-sheet"]
        },
        "behavior": {
          "events": ["onIonWillDismiss", "onIonDidDismiss"],
          "defaultProps": {},
          "stateful": false
        },
        "validation": {
          "requiredProps": ["aria-label"],
          "validationRules": {
            "aria-label": "must be a non-empty string"
          }
        },
        "performance": {
          "lazyLoad": false,
          "shouldMemoize": true
        },
        "i18n": {
          "translatableProps": ["aria-label"],
          "defaultLocale": "en"
        },
        "testing": {
          "testId": "ion-action-sheet-test",
          "testCases": ["should render action sheet", "should trigger onIonWillDismiss event"]
        },
        "documentation": {
          "docsUrl": "https://ionicframework.com/docs/api/action-sheet",
          "examples": ["<IonActionSheet buttons={buttons} />"]
        },
        "typeSafety": {
          "propTypes": {
            "buttons": "array",
            "header": "string",
            "subHeader": "string"
          }
        },
        "dependencies": [],
        "customization": {
          "customizableProps": ["buttons", "header", "subHeader"],
          "slots": []
        }
      },
      {
        "name": "IonAlert",
        "description": "Alert dialog for showing important messages.",
        "interface": "IonAlertProps",
        "accessibility": {
          "aria-label": {
            "description": "Defines a string value that labels the alert for accessibility purposes.",
            "required": true,
            "acceptedValues": "string"
          }
        },
        "styling": {
          "defaultStyles": {},
          "cssClasses": ["ion-alert"]
        },
        "behavior": {
          "events": ["onIonWillDismiss", "onIonDidDismiss"],
          "defaultProps": {},
          "stateful": false
        },
        "validation": {
          "requiredProps": ["aria-label"],
          "validationRules": {
            "aria-label": "must be a non-empty string"
          }
        },
        "performance": {
          "lazyLoad": false,
          "shouldMemoize": true
        },
        "i18n": {
          "translatableProps": ["aria-label"],
          "defaultLocale": "en"
        },
        "testing": {
          "testId": "ion-alert-test",
          "testCases": ["should render alert dialog", "should trigger onIonDidDismiss event"]
        },
        "documentation": {
          "docsUrl": "https://ionicframework.com/docs/api/alert",
          "examples": ["<IonAlert header='Alert' message='This is an alert' />"]
        },
        "typeSafety": {
          "propTypes": {
            "header": "string",
            "message": "string",
            "buttons": "array"
          }
        },
        "dependencies": [],
        "customization": {
          "customizableProps": ["header", "message", "buttons"],
          "slots": []
        }
      },
      {
        "name": "IonBackdrop",
        "description": "Backdrop component for creating visual effects in modals and other views.",
        "interface": "IonBackdropProps",
        "accessibility": {
          "aria-hidden": {
            "description": "Indicates whether the backdrop is visible or not.",
            "required": true,
            "acceptedValues": ["true", "false"]
          }
        },
        "styling": {
          "defaultStyles": {},
          "cssClasses": ["ion-backdrop"]
        },
        "behavior": {
          "events": ["onIonBackdropTap"],
          "defaultProps": {},
          "stateful": false
        },
        "validation": {
          "requiredProps": ["aria-hidden"],
          "validationRules": {
            "aria-hidden": "must be a boolean string ('true' or 'false')"
          }
        },
        "performance": {
          "lazyLoad": false,
          "shouldMemoize": true
        },
        "i18n": {
          "translatableProps": [],
          "defaultLocale": "en"
        },
        "testing": {
          "testId": "ion-backdrop-test",
          "testCases": ["should render backdrop", "should trigger onIonBackdropTap event"]
        },
        "documentation": {
          "docsUrl": "https://ionicframework.com/docs/api/backdrop",
          "examples": ["<IonBackdrop />"]
        },
        "typeSafety": {
          "propTypes": {
            "aria-hidden": "string"
          }
        },
        "dependencies": [],
        "customization": {
          "customizableProps": [],
          "slots": []
        }
      },
      {
        "name": "IonBadge",
        "description": "Badge component for showing small notifications or status indicators.",
        "interface": "IonBadgeProps",
        "accessibility": {
          "aria-label": {
            "description": "Defines a string value that labels the badge for accessibility purposes.",
            "required": false,
            "acceptedValues": "string"
          }
        },
        "styling": {
          "defaultStyles": {},
          "cssClasses": ["ion-badge"]
        },
        "behavior": {
          "events": [],
          "defaultProps": {},
          "stateful": false
        },
        "validation": {
          "requiredProps": [],
          "validationRules": {}
        },
        "performance": {
          "lazyLoad": false,
          "shouldMemoize": true
        },
        "i18n": {
          "translatableProps": ["aria-label"],
          "defaultLocale": "en"
        },
        "testing": {
          "testId": "ion-badge-test",
          "testCases": ["should render badge", "should display content"]
        },
        "documentation": {
          "docsUrl": "https://ionicframework.com/docs/api/badge",
          "examples": ["<IonBadge>New</IonBadge>"]
        },
        "typeSafety": {
          "propTypes": {
            "aria-label": "string",
            "color": "string"
          }
        },
        "dependencies": [],
        "customization": {
          "customizableProps": ["color"],
          "slots": []
        }
      },
      {
        "name": "IonButtons",
        "description": "Group of buttons for creating different types of button groups.",
        "interface": "IonButtonsProps",
        "accessibility": {},
        "styling": {
          "defaultStyles": {},
          "cssClasses": ["ion-buttons"]
        },
        "behavior": {
          "events": [],
          "defaultProps": {},
          "stateful": false
        },
        "validation": {
          "requiredProps": [],
          "validationRules": {}
        },
        "performance": {
          "lazyLoad": false,
          "shouldMemoize": true
        },
        "i18n": {
          "translatableProps": [],
          "defaultLocale": "en"
        },
        "testing": {
          "testId": "ion-buttons-test",
          "testCases": ["should render button group"]
        },
        "documentation": {
          "docsUrl": "https://ionicframework.com/docs/api/buttons",
          "examples": ["<IonButtons><IonButton>Button 1</IonButton><IonButton>Button 2</IonButton></IonButtons>"]
        },
        "typeSafety": {
          "propTypes": {}
        },
        "dependencies": [],
        "customization": {
          "customizableProps": [],
          "slots": []
        }
      },
      {
        "name": "IonPicker",
        "description": "Picker component for selecting options from a list.",
        "interface": "IonPickerProps",
        "accessibility": {
          "aria-label": {
            "description": "Defines a string value that labels the picker for accessibility purposes.",
            "required": true,
            "acceptedValues": "string"
          }
        },
        "styling": {
          "defaultStyles": {},
          "cssClasses": ["ion-picker"]
        },
        "behavior": {
          "events": ["onIonWillDismiss", "onIonDidDismiss"],
          "defaultProps": {},
          "stateful": false
        },
        "validation": {
          "requiredProps": ["aria-label"],
          "validationRules": {
            "aria-label": "must be a non-empty string"
          }
        },
        "performance": {
          "lazyLoad": false,
          "shouldMemoize": true
        },
        "i18n": {
          "translatableProps": ["aria-label"],
          "defaultLocale": "en"
        },
        "testing": {
          "testId": "ion-picker-test",
          "testCases": ["should render picker", "should trigger onIonDidDismiss event"]
        },
        "documentation": {
          "docsUrl": "https://ionicframework.com/docs/api/picker",
          "examples": ["<IonPicker columns={columns} />"]
        },
        "typeSafety": {
          "propTypes": {
            "columns": "array",
            "buttons": "array"
          }
        },
        "dependencies": [],
        "customization": {
          "customizableProps": ["columns", "buttons"],
          "slots": []
        }
      },
      {
        "name": "IonPopover",
        "description": "Popover component for displaying floating content above other elements.",
        "interface": "IonPopoverProps",
        "accessibility": {
          "aria-label": {
            "description": "Defines a string value that labels the popover for accessibility purposes.",
            "required": true,
            "acceptedValues": "string"
          }
        },
        "styling": {
          "defaultStyles": {},
          "cssClasses": ["ion-popover"]
        },
        "behavior": {
          "events": ["onIonWillDismiss", "onIonDidDismiss"],
          "defaultProps": {},
          "stateful": false
        },
        "validation": {
          "requiredProps": ["aria-label"],
          "validationRules": {
            "aria-label": "must be a non-empty string"
          }
        },
        "performance": {
          "lazyLoad": false,
          "shouldMemoize": true
        },
        "i18n": {
          "translatableProps": ["aria-label"],
          "defaultLocale": "en"
        },
        "testing": {
          "testId": "ion-popover-test",
          "testCases": ["should render popover", "should trigger onIonDidDismiss event"]
        },
        "documentation": {
          "docsUrl": "https://ionicframework.com/docs/api/popover",
          "examples": ["<IonPopover><div>Popover Content</div></IonPopover>"]
        },
        "typeSafety": {
          "propTypes": {
            "content": "node",
            "header": "string"
          }
        },
        "dependencies": [],
        "customization": {
          "customizableProps": ["content", "header"],
          "slots": []
        }
      },
      {
        "name": "IonRadioGroup",
        "description": "Group of radio buttons allowing selection of a single option.",
        "interface": "IonRadioGroupProps",
        "accessibility": {
          "aria-label": {
            "description": "Defines a string value that labels the radio group for accessibility purposes.",
            "required": true,
            "acceptedValues": "string"
          }
        },
        "styling": {
          "defaultStyles": {},
          "cssClasses": ["ion-radio-group"]
        },
        "behavior": {
          "events": ["onIonChange"],
          "defaultProps": {},
          "stateful": true
        },
        "validation": {
          "requiredProps": ["aria-label"],
          "validationRules": {
            "aria-label": "must be a non-empty string"
          }
        },
        "performance": {
          "lazyLoad": false,
          "shouldMemoize": true
        },
        "i18n": {
          "translatableProps": ["aria-label"],
          "defaultLocale": "en"
        },
        "testing": {
          "testId": "ion-radio-group-test",
          "testCases": ["should render radio group", "should trigger onIonChange event"]
        },
        "documentation": {
          "docsUrl": "https://ionicframework.com/docs/api/radio-group",
          "examples": ["<IonRadioGroup><IonRadio value='option1' /><IonRadio value='option2' /></IonRadioGroup>"]
        },
        "typeSafety": {
          "propTypes": {
            "aria-label": "string",
            "value": "string"
          }
        },
        "dependencies": [],
        "customization": {
          "customizableProps": ["value"],
          "slots": []
        }
      },
      {
        "name": "IonSlides",
        "avoid": true,
        "description": "Slides component for creating a carousel of slides.",
        "interface": "IonSlidesProps",
        "accessibility": {},
        "styling": {
          "defaultStyles": {},
          "cssClasses": ["ion-slides"]
        },
        "behavior": {
          "events": ["onIonSlideDidChange"],
          "defaultProps": {},
          "stateful": true
        },
        "validation": {
          "requiredProps": [],
          "validationRules": {}
        },
        "performance": {
          "lazyLoad": false,
          "shouldMemoize": true
        },
        "i18n": {
          "translatableProps": [],
          "defaultLocale": "en"
        },
        "testing": {
          "testId": "ion-slides-test",
          "testCases": ["should render slides", "should trigger onIonSlideDidChange event"]
        },
        "documentation": {
          "docsUrl": "https://ionicframework.com/docs/api/slides",
          "examples": ["<IonSlides><IonSlide>Slide 1</IonSlide><IonSlide>Slide 2</IonSlide></IonSlides>"]
        },
        "typeSafety": {
          "propTypes": {}
        },
        "dependencies": [],
        "customization": {
          "customizableProps": [],
          "slots": []
        }
      },
      {
        "name": "IonSpinner",
        "description": "Spinner component for displaying a loading indicator.",
        "interface": "IonSpinnerProps",
        "accessibility": {
          "aria-label": {
            "description": "Defines a string value that labels the spinner for accessibility purposes.",
            "required": false,
            "acceptedValues": "string"
          }
        },
        "styling": {
          "defaultStyles": {},
          "cssClasses": ["ion-spinner"]
        },
        "behavior": {
          "events": [],
          "defaultProps": {},
          "stateful": false
        },
        "validation": {
          "requiredProps": [],
          "validationRules": {}
        },
        "performance": {
          "lazyLoad": false,
          "shouldMemoize": true
        },
        "i18n": {
          "translatableProps": ["aria-label"],
          "defaultLocale": "en"
        },
        "testing": {
          "testId": "ion-spinner-test",
          "testCases": ["should render spinner"]
        },
        "documentation": {
          "docsUrl": "https://ionicframework.com/docs/api/spinner",
          "examples": ["<IonSpinner />"]
        },
        "typeSafety": {
          "propTypes": {
            "aria-label": "string",
            "name": "string"
          }
        },
        "dependencies": [],
        "customization": {
          "customizableProps": ["name"],
          "slots": []
        }
      },
      {
        "name": "IonToast",
        "description": "Controller for displaying toast messages programmatically.",
        "interface": "IonToastProps",
        "accessibility": {},
        "styling": {
          "defaultStyles": {},
          "cssClasses": []
        },
        "behavior": {
          "events": [],
          "defaultProps": {},
          "stateful": false
        },
        "validation": {
          "requiredProps": [],
          "validationRules": {}
        },
        "performance": {
          "lazyLoad": false,
          "shouldMemoize": true
        },
        "i18n": {
          "translatableProps": [],
          "defaultLocale": "en"
        },
        "testing": {
          "testId": "ion-toast-controller-test",
          "testCases": ["should create toast instance", "should show toast message"]
        },
        "documentation": {
          "docsUrl": "https://ionicframework.com/docs/api/toast-controller",
          "examples": ["const toast = await toastController.create({ message: 'Toast message', duration: 2000 }); await toast.present();"]
        },
        "typeSafety": {
          "propTypes": {}
        },
        "dependencies": [],
        "customization": {
          "customizableProps": [],
          "slots": []
        }
      },
      {
        "name": "IonBackdrop",
        "description": "Component that covers the interface to provide a backdrop effect.",
        "interface": "IonBackdropProps",
        "accessibility": {
            "aria-hidden": {
                "acceptedValues": ["true", "false"],
                "default": false,
                "description": "Indicates whether the backdrop is visible or hidden for accessibility purposes.",
                "required": false
            }
        },
        "styling": {
            "defaultStyles": {},
            "cssClasses": ["ion-backdrop"]
        },
        "behavior": {
            "events": [],
            "defaultProps": {},
            "stateful": false
        },
        "validation": {
            "requiredProps": [],
            "validationRules": {}
        },
        "performance": {
            "lazyLoad": false,
            "shouldMemoize": true
        },
        "i18n": {
            "translatableProps": [],
            "defaultLocale": "en"
        },
        "testing": {
            "testId": "ion-backdrop-test",
            "testCases": ["should render correctly", "should be visible when active"]
        },
        "documentation": {
            "docsUrl": "https://ionicframework.com/docs/api/backdrop",
            "examples": ["<IonBackdrop />"]
        },
        "typeSafety": {
            "propTypes": {
                "aria-hidden": "string"
            }
        },
        "dependencies": [],
        "customization": {
            "customizableProps": [],
            "slots": []
        }
    },
    {
        "name": "IonButtons",
        "description": "Component for grouping multiple buttons together.",
        "interface": "IonButtonsProps",
        "accessibility": {},
        "styling": {
            "defaultStyles": {},
            "cssClasses": ["ion-buttons"]
        },
        "behavior": {
            "events": [],
            "defaultProps": {},
            "stateful": false
        },
        "validation": {
            "requiredProps": [],
            "validationRules": {}
        },
        "performance": {
            "lazyLoad": false,
            "shouldMemoize": true
        },
        "i18n": {
            "translatableProps": [],
            "defaultLocale": "en"
        },
        "testing": {
            "testId": "ion-buttons-test",
            "testCases": ["should render correctly", "should group buttons"]
        },
        "documentation": {
            "docsUrl": "https://ionicframework.com/docs/api/buttons",
            "examples": ["<IonButtons><IonButton>Button 1</IonButton><IonButton>Button 2</IonButton></IonButtons>"]
        },
        "typeSafety": {
            "propTypes": {}
        },
        "dependencies": [],
        "customization": {
            "customizableProps": [],
            "slots": []
        }
    },
    {
        "name": "IonPicker",
        "description": "Component for selecting a value from a list of options.",
        "interface": "IonPickerProps",
        "accessibility": {
            "aria-label": {
                "acceptedValues": "string",
                "description": "Defines a string value that labels the picker for accessibility purposes.",
                "required": true
            }
        },
        "styling": {
            "defaultStyles": {},
            "cssClasses": ["ion-picker"]
        },
        "behavior": {
            "events": ["onChange"],
            "defaultProps": {},
            "stateful": false
        },
        "validation": {
            "requiredProps": ["aria-label"],
            "validationRules": {
                "aria-label": "must be a non-empty string"
            }
        },
        "performance": {
            "lazyLoad": false,
            "shouldMemoize": true
        },
        "i18n": {
            "translatableProps": ["aria-label"],
            "defaultLocale": "en"
        },
        "testing": {
            "testId": "ion-picker-test",
            "testCases": ["should render correctly", "should select value"]
        },
        "documentation": {
            "docsUrl": "https://ionicframework.com/docs/api/picker",
            "examples": ["const picker = await pickerController.create({ columns: [...], buttons: [...] }); await picker.present();"]
        },
        "typeSafety": {
            "propTypes": {
                "aria-label": "string"
            }
        },
        "dependencies": [],
        "customization": {
            "customizableProps": [],
            "slots": []
        }
    },
    {
        "name": "IonPopover",
        "description": "Component that displays a menu or content in a popover.",
        "interface": "IonPopoverProps",
        "accessibility": {
            "aria-label": {
                "acceptedValues": "string",
                "description": "Defines a string value that labels the popover for accessibility purposes.",
                "required": true
            }
        },
        "styling": {
            "defaultStyles": {},
            "cssClasses": ["ion-popover"]
        },
        "behavior": {
            "events": ["onDidDismiss"],
            "defaultProps": {},
            "stateful": false
        },
        "validation": {
            "requiredProps": ["aria-label"],
            "validationRules": {
                "aria-label": "must be a non-empty string"
            }
        },
        "performance": {
            "lazyLoad": false,
            "shouldMemoize": true
        },
        "i18n": {
            "translatableProps": ["aria-label"],
            "defaultLocale": "en"
        },
        "testing": {
            "testId": "ion-popover-test",
            "testCases": ["should render correctly", "should show content"]
        },
        "documentation": {
            "docsUrl": "https://ionicframework.com/docs/api/popover",
            "examples": ["const popover = await popoverController.create({ component: 'YourComponent', translucent: true }); await popover.present();"]
        },
        "typeSafety": {
            "propTypes": {
                "aria-label": "string"
            }
        },
        "dependencies": [],
        "customization": {
            "customizableProps": [],
            "slots": []
        }
    },
    {
        "name": "IonRadioGroup",
        "description": "Component that groups multiple radio buttons together.",
        "interface": "IonRadioGroupProps",
        "accessibility": {},
        "styling": {
            "defaultStyles": {},
            "cssClasses": ["ion-radio-group"]
        },
        "behavior": {
            "events": ["onIonChange"],
            "defaultProps": {},
            "stateful": false
        },
        "validation": {
            "requiredProps": [],
            "validationRules": {}
        },
        "performance": {
            "lazyLoad": false,
            "shouldMemoize": true
        },
        "i18n": {
            "translatableProps": [],
            "defaultLocale": "en"
        },
        "testing": {
            "testId": "ion-radio-group-test",
            "testCases": ["should render correctly", "should select radio option"]
        },
        "documentation": {
            "docsUrl": "https://ionicframework.com/docs/api/radio-group",
            "examples": ["<IonRadioGroup><IonRadio value=\"value1\">Option 1</IonRadio><IonRadio value=\"value2\">Option 2</IonRadio></IonRadioGroup>"]
        },
        "typeSafety": {
            "propTypes": {}
        },
        "dependencies": [],
        "customization": {
            "customizableProps": [],
            "slots": []
        }
    }
    ]
  }
}